ABW,,,,,
ABE,,,,,
ACY,,,,,
ABA,,,,,
ABD,,,,,
AUR,,,,,
AVY,,,,,
ABH,,,,,
AGV,,,,,
AGL,,,,,
AYW,,,,,
ACR,,,,,
AAT,,,,,
ACN,,,,,
ACH,,,,,
ACK,,,,,
ACL,,,,,
ACG,,,,,
ACB,,,,,
ACC,,,,,
AML,,,,,
ADD,,,,,
ADW,,,,,
ASN,,,,,`
,,,,,
ADM,,,,,
ADC,,,,,
ADL,,,,,
AWK,,,,,
AIG,,,,,
ANS,,,,,
AIN,,,,,
AIR,,,,,
ADR,,,,,
AYP,,,,,
ALB,,,,,
ALD,,,,,
AMT,,,,,
AHT,,,,,
AGT,,,,,
AAP,,,,,
AXP,,,,,
ALX,,,,,
ALF,,,,,
ALO,,,,,
ALW,,,,,
ASS,,,,,
ALM,,,,,
ALR,,,,,
ASG,,,,,
ALN,,,,,
ALP,,,,,
ABC,,,,,
AON,,,,,
ALT,,,,,
ALV,,,,,
AMB,,,,,
AMY,,,,,
AMR,,,,,
AMF,,,,,
ANC,,,,,
AND,,,,,
ADV,,,,,
ANZ,,,,,
AGR,,,,,
ANG,,,,,
ANN,,,,,
ANL,,,,,
AFV,,,,,
,,,,,
APP,,,,,
APD,,,,,
APF,,,,,
APB,,,,,
APS,,,,,
ARB,,,,,
ARD,,,,,
AUI,,,,,
ADS,,,,,
ASB,,,,,
ADN,,,,,
ADK,,,,,
AGS,,,,,
ARG,,,,,
ARL,,,,,
ARM,,,,,
AWT,,,,,
ARN,,,,,
ARR,,,,,
ART,,,,,
ARU,,,,,
ACT,,,,,
AUW,,,,,
ASH,,,,,
AHV,,,,,
ABY,,,,,
ASC,,,,,
ASF,,,,,
AFS,,,,,
AFK,,,,,
ASY,,,,,
AHD,,,,,
AHN,,,,,
AHS,,,,,
ANF,,,,,
AWM,,,,,
ASK,,,,,
ALK,,,,,
ASP,,,,,
APG,,,,,
AST,,,,,
ATH,,,,,
ATN,,,,,
ATT,,,,,
ATB,,,,,
ATL,,,,,
AUK,,,,,
AUD,,,,,
AUG,,,,,
AVM,,,,,
AVF,,,,,
AVN,,,,,
AXM,,,,,
AYS,,,,,
AVP,,,,,
AYL,,,,,
AYH,,,,,
AYR,,,,,
,,,,,
,,,,,
BAC,,,,,
BAJ,,,,,
BAG,,,,,
BLD,,,,,
BIO,,,,,
BAB,,,,,
BDK,,,,,
BAL,,,,,
BHC,,,,,
,,,,,
,,,,,
,,,,,
,,,,,
,,,,,
BSI,,,,,
BMB,,,,,
BAM,,,,,
BNV,,,,,
BAN,,,,,
,,,,,
BNG,,,,,
3R,,,,,
BAH,,,,,
BAD,,,,,
BSS,,,,,
BLL,,,,,
BAR,,,,,
BGI,,,,,
BGD,,,,,
BKG,,,,,
BRT,,,,,
BMG,,,,,
BRM,,,,,
BNH,,,,,
BNS,,,,,
BNI,,,,,
BTB,,,,,
BAA,,,,,
BNL,,,,,
BNY,,,,,
BNP,,,,,
BTG,,,,,
BRR,,,,,
BRL,,,,,
BAV,,,,,
BIF,,,,,
BWS,,,,,
BRY,,,,,
BYD,,,,,
BYI,,,,,
BYL,,,,,
BAU,,,,,
BSO,,,,,
BSK,,,,,
BBL,,,,,
BTH,,,,,
BHG,,,,,
BTL,,,,,
BTT,,,,,
BAK,,,,,
BAT,,,,,
BLB,,,,,
BAY,,,,,
BCF,,,,,
BER,,,,,
BRN,,,,,
BSD,,,,,
BSL,,,,,
BEU,,,,,
BEL,,,,,
BEB,,,,,
BCC,,,,,
BEC,,,,,
BKJ,,,,,
BDM,,,,,
BSJ,,,,,
BDH,,,,,
BMT,,,,,
BEH,,,,,
BDW,,,,,
BEE,,,,,
BKS,,,,,
,,,,,
,,,,,
,,,,,
BLV,,,,,
BLG,,,,,
BGM,,,,,
BLH,,,,,
BLM,,,,,
BLP,,,,,
BEG,,,,,
BVD,,,,,
BEM,,,,,
BEY,,,,,
BEF,,,,,
BEN,,,,,
BTY,,,,,
BYK,,,,,
BAS,,,,,
BFE,,,,,
BKM,,,,,
BKW,,,,,
BYA,,,,,
BBW,,,,,
BRS,,,,,
BRK,,,,,
BWK,,,,,
BES,,,,,
BSC,,,,,
BTO,,,,,
BET,,,,,
BYC,,,,,
BEV,,,,,
BEX,,,,,
BXY,,,,,
BXH,,,,,
BCS,,,,,
BIT,,,,,
BKL,,,,,
BID,,,,,
BIW,,,,,
BBK,,,,,
BIC,,,,,
BIL,,,,,
BIG,,,,,
BIN,,,,,
BIY,,,,,
BCG,,,,,
BCH,,,,,
BWD,,,,,
BIK,,,,,
BDL,,,,,
BKC,,,,,
BKQ,,,,,
BKN,,,,,
BKP,,,,,
BHI,,,,,
BMO,,,,,
BHM,,,,,
BSW,,,,,
BIA,,,,,
BBG,,,,,
BIS,,,,,
BIP,,,,,
BPT,,,,,
BTE,,,,,
BBN,,,,,
BFR,,,,,
BKH,,,,,
BHO,,,,,
BPN,,,,,
BPB,,,,,
BPS,,,,,
BKR,,,,,
BLK,,,,,
BAW,,,,,
BFF,,,,,
BLA,,,,,
BAI,,,,,
BKT,,,,,
BKD,,,,,
BLT,,,,,
BLO,,,,,
BSB,,,,,
BLY,,,,,
BLX,,,,,
BWN,,,,,
BLN,,,,,
BYB,,,,,
BOD,,,,,
BOR,,,,,
BOG,,,,,
BGS,,,,,
BON,,,,,
BTD,,,,,
BKA,,,,,
BOC,,,,,
BNW,,,,,
BOT,,,,,
BBS,,,,,
BRG,,,,,
BRH,,,,,
BOH,,,,,
BSN,,,,,
6HT,,,,,
17Q,,,,,
BOE,,,,,
BTF,,,,,
BNE,,,,,
BMH,,,,,
BRV,,,,,
BWB,,,,,
BOP,,,,,
BWG,,,,,
BXW,,,,,
BCE,,,,,
BDQ,,,,,
BDI,,,,,
BOA,,,,,
BDN,,,,,
BTR,,,,,
BTP,,,,,
BML,,,,,
BMY,,,,,
BLE,,,,,
BMP,,,,,
BRP,,,,,
BCN,,,,,
BND,,,,,
BSM,,,,,
BYS,,,,,
BDY,,,,,
BRC,,,,,
BFD,,,,,
BRE,,,,,
BWO,,,,,
BEA,,,,,
BRO,,,,,
BGN,,,,,
BDG,,,,,
BWT,,,,,
BDT,,,,,
BRF,,,,,
BGG,,,,,
BGH,,,,,
BTN,,,,,
BMD,,,,,
BNT,,,,,
BPW,,,,,
BRI,,,,,
BHD,,,,,
RBS,,,,,
BNF,,,,,
BRX,,,,,
BGE,,,,,
BDB,,,,,
BSR,,,,,
BCU,,,,,
BHS,,,,,
BCY,,,,,
BOM,,,,,
BMR,,,,,
BMC,,,,,
BMN,,,,,
BMS,,,,,
BMV,,,,,
BSY,,,,,
BSP,,,,,
BPK,,,,,
BKO,,,,,
BME,,,,,
BMF,,,,,
BRA,,,,,
BUH,,,,,
BYF,,,,,
BXB,,,,,
BCV,,,,,
BDA,,,,,
BGA,,,,,
BSU,,,,,
BRW,,,,,
BRU,,,,,
BYN,,,,,
BUC,,,,,
BCK,,,,,
BUK,,,,,
BSV,,,,,
BGL,,,,,
BHR,,,,,
BLW,,,,,
BUE,,,,,
BUG,,,,,
BUY,,,,,
BUW,,,,,
BNA,,,,,
BUD,,,,,
BNM,,,,,
BUU,,,,,
BUB,,,,,
BNC,,,,,
BYM,,,,,
BUI,,,,,
BTS,,,,,
BCB,,,,,
BCJ,,,,,
BUO,,,,,
BUJ,,,,,
BUT,,,,,
BSE,,,,,
BUS,,,,,
BHK,,,,,
BSH,,,,,
,,,,,
BUL,,,,,
BXD,,,,,
BUX,,,,,
BFN,,,,,
BYE,,,,,
,,,,,
#REF!,,,,,
#REF!,,,,,
#REF!,,,,,
#REF!,,,,,
#REF!,,,,,
#REF!,,,,,
#REF!,,,,,
#REF!,,,,,
#REF!,,,,,
#REF!,,,,,
#REF!,,,,,
#REF!,,,,,
#REF!,,,,,
#REF!,,,,,
#REF!,,,,,
#REF!,,,,,
#REF!,,,,,
#REF!,,,,,
#REF!,,,,,
#REF!,,,,,
#REF!,,,,,
#REF!,,,,,
#REF!,,,,,
#REF!,,,,,
#REF!,,,,,
#REF!,,,,,
#REF!,,,,,
#REF!,,,,,
#REF!,,,,,
#REF!,,,,,
#REF!,,,,,
#REF!,,,,,
#REF!,,,,,
#REF!,,,,,
#REF!,,,,,
#REF!,,,,,
#REF!,,,,,
#REF!,,,,,
#REF!,,,,,
#REF!,,,,,
#REF!,,,,,
#REF!,,,,,
#REF!,,,,,
#REF!,,,,,
#REF!,,,,,
#REF!,,,,,
#REF!,,,,,
#REF!,,,,,
#REF!,,,,,
#REF!,,,,,
#REF!,,,,,
#REF!,,,,,
#REF!,,,,,
#REF!,,,,,
#REF!,,,,,
#REF!,,,,,
#REF!,,,,,
#REF!,,,,,
#REF!,,,,,
#REF!,,,,,
#REF!,,,,,
#REF!,,,,,
#REF!,,,,,
#REF!,,,,,
#REF!,,,,,
#REF!,,,,,
#REF!,,,,,
#REF!,,,,,
#REF!,,,,,
#REF!,,,,,
#REF!,,,,,
#REF!,,,,,
#REF!,,,,,
#REF!,,,,,
#REF!,,,,,
#REF!,,,,,
#REF!,,,,,
#REF!,,,,,
#REF!,,,,,
#REF!,,,,,
#REF!,,,,,
#REF!,,,,,
#REF!,,,,,
#REF!,,,,,
#REF!,,,,,
#REF!,,,,,
#REF!,,,,,
#REF!,,,,,
#REF!,,,,,
#REF!,,,,,
#REF!,,,,,
#REF!,,,,,
#REF!,,,,,
#REF!,,,,,
#REF!,,,,,
#REF!,,,,,
#REF!,,,,,
#REF!,,,,,
#REF!,,,,,
#REF!,,,,,
#REF!,,,,,
#REF!,,,,,
#REF!,,,,,
#REF!,,,,,
#REF!,,,,,
#REF!,,,,,
#REF!,,,,,
#REF!,,,,,
#REF!,,,,,
#REF!,,,,,
#REF!,,,,,
#REF!,,,,,
#REF!,,,,,
#REF!,,,,,
#REF!,,,,,
#REF!,,,,,
#REF!,,,,,
#REF!,,,,,
#REF!,,,,,
#REF!,,,,,
#REF!,,,,,
#REF!,,,,,
#REF!,,,,,
#REF!,,,,,
#REF!,,,,,
#REF!,,,,,
#REF!,,,,,
#REF!,,,,,
#REF!,,,,,
#REF!,,,,,
#REF!,,,,,
#REF!,,,,,
#REF!,,,,,
#REF!,,,,,
#REF!,,,,,
#REF!,,,,,
#REF!,,,,,
#REF!,,,,,
#REF!,,,,,
#REF!,,,,,
#REF!,,,,,
#REF!,,,,,
#REF!,,,,,
#REF!,,,,,
#REF!,,,,,
#REF!,,,,,
#REF!,,,,,
#REF!,,,,,
#REF!,,,,,
#REF!,,,,,
#REF!,,,,,
#REF!,,,,,
#REF!,,,,,
#REF!,,,,,
#REF!,,,,,
#REF!,,,,,
#REF!,,,,,
#REF!,,,,,
#REF!,,,,,
#REF!,,,,,
#REF!,,,,,
#REF!,,,,,
#REF!,,,,,
#REF!,,,,,
#REF!,,,,,
#REF!,,,,,
#REF!,,,,,
#REF!,,,,,
#REF!,,,,,
#REF!,,,,,
#REF!,,,,,
#REF!,,,,,
#REF!,,,,,
#REF!,,,,,
#REF!,,,,,
#REF!,,,,,
#REF!,,,,,
#REF!,,,,,
#REF!,,,,,
#REF!,,,,,
#REF!,,,,,
#REF!,,,,,
#REF!,,,,,
#REF!,,,,,
#REF!,,,,,
#REF!,,,,,
#REF!,,,,,
#REF!,,,,,
#REF!,,,,,
#REF!,,,,,
#REF!,,,,,
#REF!,,,,,
#REF!,,,,,
#REF!,,,,,
#REF!,,,,,
#REF!,,,,,
#REF!,,,,,
#REF!,,,,,
#REF!,,,,,
#REF!,,,,,
#REF!,,,,,
#REF!,,,,,
#REF!,,,,,
#REF!,,,,,
#REF!,,,,,
#REF!,,,,,
#REF!,,,,,
#REF!,,,,,
#REF!,,,,,
#REF!,,,,,
#REF!,,,,,
#REF!,,,,,
#REF!,,,,,
#REF!,,,,,
#REF!,,,,,
#REF!,,,,,
#REF!,,,,,
#REF!,,,,,
#REF!,,,,,
#REF!,,,,,
#REF!,,,,,
#REF!,,,,,
#REF!,,,,,
#REF!,,,,,
#REF!,,,,,
#REF!,,,,,
#REF!,,,,,
#REF!,,,,,
#REF!,,,,,
#REF!,,,,,
#REF!,,,,,
#REF!,,,,,
#REF!,,,,,
#REF!,,,,,
#REF!,,,,,
#REF!,,,,,
#REF!,,,,,
#REF!,,,,,
#REF!,,,,,
#REF!,,,,,
#REF!,,,,,
#REF!,,,,,
#REF!,,,,,
#REF!,,,,,
#REF!,,,,,
#REF!,,,,,
#REF!,,,,,
#REF!,,,,,
#REF!,,,,,
#REF!,,,,,
#REF!,,,,,
#REF!,,,,,
#REF!,,,,,
#REF!,,,,,
#REF!,,,,,
#REF!,,,,,
#REF!,,,,,
#REF!,,,,,
#REF!,,,,,
#REF!,,,,,
#REF!,,,,,
#REF!,,,,,
#REF!,,,,,
#REF!,,,,,
#REF!,,,,,
#REF!,,,,,
#REF!,,,,,
#REF!,,,,,
#REF!,,,,,
#REF!,,,,,
#REF!,,,,,
#REF!,,,,,
#REF!,,,,,
#REF!,,,,,
#REF!,,,,,
#REF!,,,,,
#REF!,,,,,
#REF!,,,,,
#REF!,,,,,
#REF!,,,,,
#REF!,,,,,
#REF!,,,,,
#REF!,,,,,
#REF!,,,,,
#REF!,,,,,
#REF!,,,,,
#REF!,,,,,
#REF!,,,,,
#REF!,,,,,
#REF!,,,,,
#REF!,,,,,
#REF!,,,,,
#REF!,,,,,
#REF!,,,,,
#REF!,,,,,
#REF!,,,,,
#REF!,,,,,
#REF!,,,,,
#REF!,,,,,
#REF!,,,,,
#REF!,,,,,
#REF!,,,,,
#REF!,,,,,
#REF!,,,,,
#REF!,,,,,
#REF!,,,,,
#REF!,,,,,
#REF!,,,,,
#REF!,,,,,
#REF!,,,,,
#REF!,,,,,
#REF!,,,,,
#REF!,,,,,
#REF!,,,,,
#REF!,,,,,
#REF!,,,,,
#REF!,,,,,
#REF!,,,,,
#REF!,,,,,
#REF!,,,,,
#REF!,,,,,
#REF!,,,,,
#REF!,,,,,
#REF!,,,,,
#REF!,,,,,
#REF!,,,,,
#REF!,,,,,
#REF!,,,,,
#REF!,,,,,
#REF!,,,,,
#REF!,,,,,
#REF!,,,,,
#REF!,,,,,
#REF!,,,,,
#REF!,,,,,
#REF!,,,,,
#REF!,,,,,
#REF!,,,,,
#REF!,,,,,
#REF!,,,,,
#REF!,,,,,
#REF!,,,,,
#REF!,,,,,
#REF!,,,,,
#REF!,,,,,
#REF!,,,,,
#REF!,,,,,
#REF!,,,,,
#REF!,,,,,
#REF!,,,,,
#REF!,,,,,
#REF!,,,,,
#REF!,,,,,
#REF!,,,,,
#REF!,,,,,
#REF!,,,,,
#REF!,,,,,
#REF!,,,,,
#REF!,,,,,
#REF!,,,,,
#REF!,,,,,
#REF!,,,,,
#REF!,,,,,
#REF!,,,,,
#REF!,,,,,
#REF!,,,,,
#REF!,,,,,
#REF!,,,,,
#REF!,,,,,
#REF!,,,,,
#REF!,,,,,
#REF!,,,,,
#REF!,,,,,
#REF!,,,,,
#REF!,,,,,
#REF!,,,,,
#REF!,,,,,
#REF!,,,,,
#REF!,,,,,
#REF!,,,,,
#REF!,,,,,
#REF!,,,,,
#REF!,,,,,
#REF!,,,,,
#REF!,,,,,
#REF!,,,,,
#REF!,,,,,
#REF!,,,,,
#REF!,,,,,
#REF!,,,,,
#REF!,,,,,
#REF!,,,,,
#REF!,,,,,
#REF!,,,,,
#REF!,,,,,
#REF!,,,,,
#REF!,,,,,
#REF!,,,,,
#REF!,,,,,
#REF!,,,,,
#REF!,,,,,
#REF!,,,,,
#REF!,,,,,
#REF!,,,,,
#REF!,,,,,
#REF!,,,,,
#REF!,,,,,
#REF!,,,,,
#REF!,,,,,
#REF!,,,,,
#REF!,,,,,
#REF!,,,,,
#REF!,,,,,
#REF!,,,,,
#REF!,,,,,
#REF!,,,,,
#REF!,,,,,
#REF!,,,,,
#REF!,,,,,
#REF!,,,,,
#REF!,,,,,
#REF!,,,,,
#REF!,,,,,
#REF!,,,,,
#REF!,,,,,
#REF!,,,,,
#REF!,,,,,
#REF!,,,,,
#REF!,,,,,
#REF!,,,,,
#REF!,,,,,
#REF!,,,,,
#REF!,,,,,
#REF!,,,,,
#REF!,,,,,
#REF!,,,,,
#REF!,,,,,
#REF!,,,,,
#REF!,,,,,
#REF!,,,,,
#REF!,,,,,
#REF!,,,,,
#REF!,,,,,
#REF!,,,,,
#REF!,,,,,
#REF!,,,,,
#REF!,,,,,
#REF!,,,,,
#REF!,,,,,
#REF!,,,,,
#REF!,,,,,
#REF!,,,,,
#REF!,,,,,
#REF!,,,,,
#REF!,,,,,
#REF!,,,,,
#REF!,,,,,
#REF!,,,,,
#REF!,,,,,
#REF!,,,,,
#REF!,,,,,
#REF!,,,,,
#REF!,,,,,
#REF!,,,,,
#REF!,,,,,
#REF!,,,,,
#REF!,,,,,
#REF!,,,,,
#REF!,,,,,
#REF!,,,,,
#REF!,,,,,
#REF!,,,,,
#REF!,,,,,
#REF!,,,,,
#REF!,,,,,
#REF!,,,,,
#REF!,,,,,
#REF!,,,,,
#REF!,,,,,
#REF!,,,,,
#REF!,,,,,
#REF!,,,,,
#REF!,,,,,
#REF!,,,,,
#REF!,,,,,
#REF!,,,,,
#REF!,,,,,
#REF!,,,,,
#REF!,,,,,
#REF!,,,,,
#REF!,,,,,
#REF!,,,,,
#REF!,,,,,
#REF!,,,,,
#REF!,,,,,
#REF!,,,,,
#REF!,,,,,
#REF!,,,,,
#REF!,,,,,
#REF!,,,,,
#REF!,,,,,
#REF!,,,,,
#REF!,,,,,
#REF!,,,,,
#REF!,,,,,
#REF!,,,,,
#REF!,,,,,
#REF!,,,,,
#REF!,,,,,
#REF!,,,,,
#REF!,,,,,
#REF!,,,,,
#REF!,,,,,
#REF!,,,,,
#REF!,,,,,
#REF!,,,,,
#REF!,,,,,
#REF!,,,,,
#REF!,,,,,
#REF!,,,,,
#REF!,,,,,
#REF!,,,,,
#REF!,,,,,
#REF!,,,,,
#REF!,,,,,
#REF!,,,,,
#REF!,,,,,
#REF!,,,,,
#REF!,,,,,
#REF!,,,,,
#REF!,,,,,
